"gene_id","Amamu1","Canalb1","Neucr4830_1","Neucr_trp3_1","SacceM3707_1","SacceM3836_1","SacceM3837_1","SacceM3838_1","SacceM3839_1"
"1.-.-.-",25,0,3,28,16,16,16,16,16
"1.1.-.-",4,4,6,4,2,2,2,2,2
"1.1.1.-",132,24,72,180,156,156,156,156,132
"1.1.1.1",30,25,20,45,25,25,25,25,25
"1.1.1.100",8,2,11,15,1,1,1,1,1
"1.1.1.101",1,3,4,2,1,1,1,1,1
"1.1.1.102",1,1,1,0,1,1,1,1,1
"1.1.1.125",2,1,3,3,0,0,0,0,0
"1.1.1.14",5,0,3,4,1,1,1,1,1
"1.1.1.146",6,0,0,4,0,0,0,0,0
"1.1.1.157",2,0,2,2,0,0,0,0,0
"1.1.1.169",1,2,4,1,2,2,2,2,2
"1.1.1.170",1,1,2,1,1,1,1,1,1
"1.1.1.179",1,0,0,1,0,0,0,0,0
"1.1.1.184",8,0,0,6,0,0,0,0,0
"1.1.1.195",5,0,0,5,4,4,4,4,4
"1.1.1.2",8,4,12,12,0,0,0,0,0
"1.1.1.205",1,1,1,2,2,2,3,3,2
"1.1.1.21",20,20,5,5,5,5,5,5,5
"1.1.1.22",3,0,6,6,0,0,0,0,0
"1.1.1.23",1,0,0,0,1,1,1,1,1
"1.1.1.250",1,1,0,2,0,0,0,0,0
"1.1.1.3",4,2,2,2,2,2,2,2,2
"1.1.1.31",1,1,1,1,0,0,0,0,0
"1.1.1.34",1,1,1,1,2,2,2,2,2
"1.1.1.37",10,15,25,15,20,20,20,20,20
"1.1.1.4",2,0,0,0,2,2,2,2,2
"1.1.1.40",4,0,2,0,0,0,0,0,0
"1.1.1.41",2,2,2,2,2,2,2,2,2
"1.1.1.42",3,6,3,3,9,9,9,9,9
"1.1.1.44",1,0,0,2,2,2,2,2,2
"1.1.1.49",2,2,2,2,2,2,2,2,2
"1.1.1.62",6,0,0,3,1,1,1,1,1
"1.1.1.65",4,1,5,3,1,1,1,1,1
"1.1.1.8",1,2,1,1,2,2,2,2,2
"1.1.1.85",1,1,2,1,2,2,2,2,2
"1.1.1.86",2,2,2,2,2,2,2,2,2
"1.1.1.87",1,1,1,1,1,1,1,1,1
"1.1.1.91",6,0,0,3,1,1,1,1,1
"1.1.1.95",1,1,2,2,2,2,2,2,2
"1.1.2.3",4,1,3,4,2,2,2,2,2
"1.1.2.4",1,4,4,3,1,1,1,1,1
"1.1.3.15",1,0,0,0,0,0,0,0,0
"1.1.3.8",1,0,0,0,0,0,0,0,0
"1.1.99.1",10,0,4,7,0,0,0,0,0
"1.1.99.5",1,0,0,1,1,1,1,1,1
"1.10.2.2",8,1,1,8,9,9,9,9,9
"1.10.3.2",14,0,6,6,0,0,0,0,0
"1.10.3.3",1,5,5,0,0,0,0,0,0
"1.11.1.5",1,2,1,1,1,1,1,1,1
"1.11.1.6",4,2,6,6,4,4,4,4,4
"1.11.1.7",3,0,0,3,0,0,0,0,0
"1.13.-.-",1,0,0,1,1,1,1,1,1
"1.13.11.37",3,0,0,3,0,0,0,0,0
"1.13.11.5",4,0,2,2,0,0,0,0,0
"1.13.11.6",1,1,3,1,1,1,1,1,1
"1.13.99.1",1,1,1,1,0,0,0,0,0
"1.14.-.-",60,4,8,44,4,4,4,4,4
"1.14.11.1",2,1,0,1,1,1,1,1,1
"1.14.11.13",1,2,6,1,0,0,0,0,0
"1.14.11.8",1,1,1,1,0,0,0,0,0
"1.14.11.9",1,0,0,1,0,0,0,0,0
"1.14.13.-",42,42,98,42,28,28,28,28,28
"1.14.13.1",10,0,22,16,0,0,0,0,0
"1.14.13.21",1,0,0,0,0,0,0,0,0
"1.14.13.22",1,3,6,5,0,0,0,0,0
"1.14.13.30",1,0,0,1,0,0,0,0,0
"1.14.13.7",18,6,21,18,0,0,0,0,0
"1.14.13.8",13,4,8,6,1,1,1,1,1
"1.14.13.9",3,1,1,1,1,1,1,1,1
"1.14.14.1",180,21,18,48,3,3,3,3,3
"1.14.99.3",1,1,0,0,1,1,1,1,1
"1.14.99.7",2,0,0,2,2,2,2,2,2
"1.14.99.9",1,0,0,0,0,0,0,0,0
"1.15.1.1",4,8,5,5,4,4,4,4,4
"1.17.4.1",8,8,4,4,8,8,8,8,8
"1.18.1.2",2,0,0,2,2,2,2,2,2
"1.2.1.11",2,2,2,2,2,2,2,2,2
"1.2.1.12",4,2,2,2,6,6,6,6,6
"1.2.1.16",3,0,0,3,3,3,3,3,3
"1.2.1.19",2,0,0,2,0,0,0,0,0
"1.2.1.2",2,8,2,4,4,2,2,2,2
"1.2.1.27",3,0,0,3,0,0,0,0,0
"1.2.1.3",75,60,60,75,45,45,45,45,45
"1.2.1.31",4,2,2,6,4,4,4,4,4
"1.2.1.41",2,2,2,2,2,2,2,2,2
"1.2.1.5",4,8,8,8,8,8,8,12,12
"1.2.1.8",1,0,0,1,0,0,0,0,0
"1.2.4.1",16,12,12,12,8,8,8,8,8
"1.2.4.2",6,3,3,3,3,3,3,3,3
"1.2.4.4",2,0,2,1,0,0,0,0,0
"1.2.7.-",1,0,0,0,0,0,0,0,0
"1.3.1.13",1,1,1,1,1,1,1,1,1
"1.3.1.20",1,0,0,1,0,0,0,0,0
"1.3.1.34",1,2,1,1,1,1,1,1,1
"1.3.1.35",4,0,0,3,0,0,0,0,0
"1.3.1.38",1,2,1,1,0,0,0,0,0
"1.3.1.42",1,2,2,2,0,0,0,0,0
"1.3.3.1",2,0,0,2,1,1,1,1,1
"1.3.3.3",1,1,1,1,1,1,1,1,1
"1.3.3.4",1,1,0,3,2,2,2,2,2
"1.3.5.1",8,6,4,8,16,16,16,16,16
"1.3.99.-",3,0,6,6,0,0,0,0,0
"1.3.99.1",5,0,0,15,10,10,10,10,10
"1.3.99.10",3,0,0,4,0,0,0,0,0
"1.3.99.3",12,0,0,4,0,0,0,0,0
"1.3.99.5",4,0,0,6,4,4,4,4,4
"1.3.99.7",4,0,0,4,0,0,0,0,0
"1.4.1.13",2,0,0,2,2,2,2,2,2
"1.4.1.2",2,2,2,2,2,2,2,2,2
"1.4.3.1",3,0,0,2,0,0,0,0,0
"1.4.3.5",1,1,1,1,1,1,1,1,1
"1.4.3.6",8,0,0,16,0,0,0,0,0
"1.4.4.2",1,1,1,1,1,1,1,1,1
"1.5.1.12",2,0,0,2,2,2,2,2,2
"1.5.1.15",1,1,1,1,1,1,1,1,1
"1.5.1.2",2,2,2,2,2,2,2,2,2
"1.5.1.20",2,2,2,2,2,2,2,2,2
"1.5.1.3",4,6,4,4,8,8,8,8,8
"1.5.1.7",2,2,2,2,2,2,2,2,2
"1.5.3.-",1,0,0,2,0,0,0,0,0
"1.5.3.1",1,0,0,0,0,0,0,0,0
"1.5.5.1",1,1,1,1,1,1,1,1,1
"1.6.1.2",1,0,1,1,0,0,0,0,0
"1.6.2.2",2,5,5,3,5,5,5,5,5
"1.6.2.4",3,2,2,3,1,1,1,1,1
"1.6.5.3",6,0,0,6,0,0,0,0,0
"1.6.5.5",9,3,7,9,5,5,5,5,5
"1.6.99.1",5,7,1,1,2,2,2,2,2
"1.6.99.3",5,0,2,7,3,3,3,3,3
"1.7.3.3",1,1,1,1,0,0,0,0,0
"1.8.1.2",2,4,4,0,2,2,2,2,2
"1.8.1.4",4,4,4,4,8,8,8,8,8
"1.8.4.-",1,1,1,1,1,1,1,1,1
"1.8.4.6",1,0,0,1,1,1,1,1,1
"1.9.3.1",7,0,0,7,9,9,9,9,9
"2.-.-.-",1,0,0,1,2,2,2,2,2
"2.1.1.-",88,80,88,104,80,80,80,80,80
"2.1.1.100",5,2,1,1,1,1,1,1,1
"2.1.1.107",1,1,1,1,1,1,1,1,1
"2.1.1.14",1,1,3,1,1,1,1,1,1
"2.1.1.17",1,1,1,1,1,1,1,1,1
"2.1.1.2",3,0,0,3,3,3,3,3,3
"2.1.1.32",1,0,0,1,1,1,1,1,1
"2.1.1.33",1,1,1,1,1,1,1,1,1
"2.1.1.37",2,0,5,1,0,0,0,0,0
"2.1.1.41",1,2,3,3,1,1,1,1,1
"2.1.1.43",4,8,10,5,2,2,2,2,2
"2.1.1.45",3,3,3,3,3,3,3,3,3
"2.1.1.56",1,1,1,1,1,1,1,1,1
"2.1.1.61",1,0,0,0,1,1,1,1,1
"2.1.1.62",1,2,0,0,0,0,0,0,0
"2.1.1.64",1,0,0,0,0,0,0,0,0
"2.1.1.71",1,0,0,0,0,0,0,0,0
"2.1.1.72",1,0,0,1,1,1,1,1,1
"2.1.1.77",1,0,5,1,0,0,0,0,0
"2.1.1.79",2,1,3,2,0,0,0,0,0
"2.1.1.98",1,2,1,1,1,1,1,1,1
"2.1.2.1",15,10,10,10,10,10,10,10,10
"2.1.2.10",6,3,3,6,6,6,6,6,6
"2.1.2.11",2,2,2,2,2,2,2,2,2
"2.1.2.2",2,2,2,2,2,2,2,2,2
"2.1.2.9",3,3,3,0,3,3,3,3,3
"2.1.3.3",2,2,2,2,2,2,2,2,2
"2.2.1.1",2,2,2,2,4,4,4,4,4
"2.2.1.2",1,1,2,2,2,2,2,2,2
"2.3.-.-",1,1,2,1,1,1,1,1,1
"2.3.1.-",143,52,39,130,143,169,156,169,169
"2.3.1.1",1,1,1,1,0,0,0,0,0
"2.3.1.12",4,4,4,4,4,4,4,4,4
"2.3.1.15",1,0,0,1,2,2,2,2,2
"2.3.1.16",20,15,15,20,5,5,5,5,5
"2.3.1.24",4,4,4,4,4,4,4,4,4
"2.3.1.26",1,1,2,2,2,2,2,2,2
"2.3.1.31",8,4,4,4,4,4,4,4,2
"2.3.1.37",1,1,1,1,1,1,1,1,1
"2.3.1.4",2,2,2,2,2,2,2,2,2
"2.3.1.47",1,0,0,0,0,0,0,0,0
"2.3.1.48",31,6,5,53,7,6,7,6,6
"2.3.1.50",2,2,2,2,2,2,2,2,2
"2.3.1.51",1,2,1,1,1,1,1,1,1
"2.3.1.57",1,0,1,1,0,0,0,0,0
"2.3.1.61",2,2,2,4,2,2,2,2,2
"2.3.1.7",4,3,2,2,2,2,2,2,2
"2.3.1.88",1,4,6,2,2,2,2,2,2
"2.3.1.9",9,9,18,9,9,9,9,9,9
"2.3.1.97",1,1,1,1,1,1,1,1,1
"2.3.2.2",10,0,0,10,5,5,5,5,5
"2.3.2.5",1,0,1,2,1,1,1,1,1
"2.3.2.8",1,1,1,1,1,1,1,1,1
"2.3.3.1",3,1,2,2,3,3,3,3,3
"2.4.1.-",99,418,198,165,231,231,231,231,231
"2.4.1.1",1,1,1,1,1,1,1,1,1
"2.4.1.109",3,5,3,3,7,7,7,7,7
"2.4.1.11",1,1,1,1,2,2,2,2,2
"2.4.1.117",1,1,1,1,1,1,1,1,1
"2.4.1.119",5,0,0,6,8,8,8,8,8
"2.4.1.130",3,0,0,2,2,2,2,2,2
"2.4.1.131",5,1,2,2,2,2,2,2,2
"2.4.1.132",1,0,0,1,1,1,1,1,1
"2.4.1.141",2,2,3,1,2,2,2,2,2
"2.4.1.142",1,1,1,1,1,1,1,1,1
"2.4.1.149",1,0,0,0,0,0,0,0,0
"2.4.1.15",2,1,1,2,4,4,4,4,4
"2.4.1.16",8,4,7,6,3,3,3,3,3
"2.4.1.173",2,1,1,2,1,1,1,1,1
"2.4.1.18",1,1,1,1,1,1,1,1,1
"2.4.1.183",1,0,2,2,0,0,0,0,0
"2.4.1.198",3,1,1,3,4,4,4,4,4
"2.4.1.34",2,5,1,2,5,5,5,5,5
"2.4.1.83",1,1,1,1,1,1,1,1,1
"2.4.1.91",1,0,0,0,0,0,0,0,0
"2.4.2.-",1,1,4,2,2,2,2,2,2
"2.4.2.1",3,3,0,0,3,3,3,3,3
"2.4.2.10",1,1,1,1,2,2,2,2,2
"2.4.2.11",1,0,0,1,1,1,1,1,1
"2.4.2.14",2,2,2,2,2,2,2,2,2
"2.4.2.17",1,1,1,1,1,1,1,1,1
"2.4.2.18",1,1,1,1,1,1,1,1,1
"2.4.2.19",1,1,1,1,1,1,1,1,1
"2.4.2.28",1,1,1,1,1,1,1,1,1
"2.4.2.29",2,0,2,2,0,0,0,0,0
"2.4.2.3",1,0,0,0,0,0,0,0,0
"2.4.2.30",5,2,3,3,0,0,0,0,0
"2.4.2.7",1,1,1,1,2,2,2,2,2
"2.4.2.9",2,1,2,2,1,1,1,1,1
"2.5.1.16",3,3,3,3,3,3,3,3,3
"2.5.1.18",16,8,10,7,5,5,5,5,5
"2.5.1.21",2,2,2,2,2,2,2,2,2
"2.5.1.31",1,0,0,1,0,0,0,0,0
"2.5.1.33",2,0,0,1,0,0,0,0,0
"2.5.1.6",4,2,2,4,4,4,4,4,4
"2.5.1.8",1,0,0,1,1,1,1,1,1
"2.5.1.9",2,1,1,2,2,2,2,2,2
"2.6.-.-",2,1,1,2,3,3,3,3,3
"2.6.1.-",8,0,0,12,16,16,16,16,16
"2.6.1.1",27,27,18,27,18,18,18,18,18
"2.6.1.11",1,1,1,1,1,1,1,1,1
"2.6.1.13",2,2,2,2,2,2,2,2,2
"2.6.1.16",2,2,2,2,6,6,6,6,6
"2.6.1.19",5,0,0,5,5,5,5,5,5
"2.6.1.2",3,3,3,3,6,6,6,6,6
"2.6.1.42",6,6,9,9,6,6,6,6,6
"2.6.1.44",2,0,0,2,0,0,0,0,0
"2.6.1.52",2,2,2,2,2,2,2,2,2
"2.6.1.62",1,2,1,1,2,2,2,3,3
"2.6.1.9",4,4,4,4,4,4,4,4,4
"2.7.-.-",3,4,3,3,7,7,7,7,7
"2.7.1.-",160,5,10,105,120,115,115,115,115
"2.7.1.1",6,24,24,12,18,18,18,18,18
"2.7.1.11",4,8,4,4,12,12,12,8,12
"2.7.1.12",2,1,2,2,1,1,1,1,1
"2.7.1.137",4,1,1,5,7,7,7,7,7
"2.7.1.15",1,1,1,1,1,1,1,1,1
"2.7.1.17",2,1,1,1,1,1,1,1,1
"2.7.1.2",5,0,0,10,10,10,10,10,10
"2.7.1.23",2,1,2,3,4,4,4,4,4
"2.7.1.24",1,1,1,1,1,1,1,1,1
"2.7.1.25",3,3,3,3,3,3,3,3,3
"2.7.1.26",2,1,1,1,2,2,2,2,2
"2.7.1.29",1,1,2,2,2,2,2,2,2
"2.7.1.3",1,0,1,1,0,0,0,0,0
"2.7.1.32",1,1,1,2,1,1,1,1,1
"2.7.1.33",3,1,1,2,2,2,2,2,2
"2.7.1.35",1,2,1,1,2,2,2,2,2
"2.7.1.36",1,1,1,1,1,1,1,1,1
"2.7.1.37",21,0,0,16,24,26,25,25,25
"2.7.1.39",1,1,1,1,1,1,1,1,1
"2.7.1.40",4,4,8,4,8,8,8,8,8
"2.7.1.47",1,1,1,1,2,2,2,2,2
"2.7.1.48",2,2,1,2,3,3,3,3,3
"2.7.1.6",1,1,1,1,2,2,2,2,2
"2.7.1.67",4,3,2,7,6,5,6,5,6
"2.7.1.68",2,1,2,2,2,2,2,2,2
"2.7.1.91",1,2,1,1,2,2,2,2,2
"2.7.2.1",2,0,2,2,0,0,0,0,0
"2.7.2.11",1,1,1,1,2,2,2,2,2
"2.7.2.3",2,2,2,2,2,2,2,2,2
"2.7.2.4",2,2,2,2,2,2,2,2,2
"2.7.3.-",3,0,0,7,3,2,3,2,3
"2.7.4.-",1,0,0,0,1,1,1,1,1
"2.7.4.2",1,1,1,1,1,1,1,1,1
"2.7.4.3",2,3,3,3,2,2,2,2,2
"2.7.4.6",2,2,2,2,2,2,2,2,2
"2.7.4.7",1,0,0,1,2,2,2,2,2
"2.7.4.8",1,1,1,1,1,1,1,1,1
"2.7.4.9",2,1,1,1,1,1,1,1,1
"2.7.6.1",4,8,8,10,10,10,10,10,10
"2.7.6.2",2,2,2,2,2,2,2,2,2
"2.7.7.-",6,10,8,6,10,10,10,10,10
"2.7.7.1",1,0,0,1,2,2,2,2,2
"2.7.7.13",1,4,2,3,2,2,2,2,2
"2.7.7.2",1,2,2,1,1,1,1,1,1
"2.7.7.22",1,0,0,0,0,0,0,0,0
"2.7.7.23",1,0,0,1,1,1,1,1,1
"2.7.7.4",3,3,3,3,3,3,3,3,3
"2.7.7.41",2,2,2,2,2,2,2,2,2
"2.7.7.49",1,1,0,0,1,0,0,0,0
"2.7.7.50",1,1,1,2,1,1,1,1,1
"2.7.7.53",1,1,2,1,1,1,1,1,1
"2.7.7.6",120,27,30,117,105,105,105,108,105
"2.7.7.7",87,39,45,78,96,93,93,93,93
"2.7.7.8",4,0,0,2,2,2,2,2,2
"2.7.7.9",12,4,4,8,12,12,12,12,12
"2.7.8.-",3,6,6,0,0,0,0,0,0
"2.7.8.1",3,3,6,6,3,3,3,6,3
"2.7.8.11",1,1,1,1,1,1,1,1,1
"2.7.8.15",1,1,1,1,1,1,1,1,1
"2.7.8.5",1,1,1,1,1,1,1,1,1
"2.7.8.7",1,1,0,0,0,0,0,0,0
"2.7.8.8",4,2,2,4,4,4,4,4,4
"2.8.1.1",1,0,0,1,1,1,1,1,1
"2.8.1.6",1,1,1,1,1,1,1,1,1
"2.8.3.5",3,3,6,3,0,0,0,0,0
"3.-.-.-",7,8,3,5,6,6,6,6,6
"3.1.-.-",11,14,14,10,9,9,9,9,9
"3.1.1.-",27,27,18,27,33,36,36,33,36
"3.1.1.1",9,0,0,2,1,1,1,1,1
"3.1.1.23",1,5,6,1,1,1,1,1,1
"3.1.1.29",4,4,2,3,3,3,3,3,3
"3.1.1.3",7,14,11,6,4,4,4,4,5
"3.1.1.31",1,2,1,1,5,5,5,5,5
"3.1.1.45",1,3,7,1,1,1,1,1,1
"3.1.1.47",33,0,2,8,14,14,14,14,14
"3.1.1.5",8,7,3,3,4,4,4,4,4
"3.1.11.1",7,0,0,3,3,3,3,3,3
"3.1.13.-",10,5,5,9,9,9,9,9,9
"3.1.13.1",4,0,0,1,1,1,1,1,1
"3.1.13.4",7,2,3,7,6,6,6,6,6
"3.1.2.-",1,2,2,0,0,0,0,0,0
"3.1.2.12",1,1,1,0,0,0,0,0,0
"3.1.2.15",16,0,0,16,21,20,21,19,21
"3.1.2.16",1,0,0,1,1,1,1,1,1
"3.1.2.2",1,1,1,1,1,1,1,1,1
"3.1.2.22",1,1,1,1,0,0,0,0,0
"3.1.2.6",1,1,3,3,2,2,2,2,2
"3.1.21.-",2,2,2,2,2,2,2,2,2
"3.1.26.-",2,1,3,3,0,0,0,0,0
"3.1.26.3",1,1,1,2,1,1,1,1,1
"3.1.26.4",2,4,2,2,2,2,2,2,2
"3.1.26.5",4,9,8,4,6,6,6,6,6
"3.1.27.1",4,3,1,0,1,1,1,1,1
"3.1.27.9",3,2,2,3,4,4,4,4,4
"3.1.3.-",30,24,36,12,18,18,18,18,18
"3.1.3.11",4,4,4,4,4,4,4,4,4
"3.1.3.15",1,1,1,1,1,1,1,1,1
"3.1.3.16",27,21,16,21,27,26,27,28,27
"3.1.3.18",1,0,0,1,2,2,3,2,2
"3.1.3.2",12,8,14,10,8,8,8,10,8
"3.1.3.25",3,0,6,6,6,6,6,6,6
"3.1.3.33",1,0,0,0,2,2,2,2,2
"3.1.3.36",2,1,3,2,0,0,0,0,0
"3.1.3.4",4,2,2,4,2,2,2,2,2
"3.1.3.41",1,3,1,1,1,1,1,1,1
"3.1.3.46",3,0,1,2,2,2,2,2,2
"3.1.3.48",15,12,9,14,15,15,15,15,15
"3.1.3.56",3,3,1,4,4,4,4,4,4
"3.1.30.2",1,0,0,0,0,0,0,0,0
"3.1.4.1",4,0,0,3,3,3,3,3,3
"3.1.4.11",5,1,4,4,1,1,1,1,1
"3.1.4.12",4,5,2,2,0,0,0,0,0
"3.1.4.17",3,2,2,2,2,2,2,2,2
"3.1.4.4",6,2,6,32,2,2,2,2,2
"3.1.4.46",4,4,2,2,2,2,2,2,2
"3.1.6.-",1,0,0,1,0,0,0,0,0
"3.2.1.-",4,0,0,4,4,4,4,4,4
"3.2.1.1",2,0,4,3,0,0,0,0,0
"3.2.1.106",1,1,1,1,1,1,1,1,1
"3.2.1.113",6,1,8,6,2,2,2,2,2
"3.2.1.14",14,4,8,10,3,3,4,3,4
"3.2.1.18",58,2,0,160,52,48,54,56,52
"3.2.1.20",8,8,10,12,14,12,10,12,14
"3.2.1.21",9,15,21,27,0,0,0,0,0
"3.2.1.22",8,0,0,0,8,8,8,8,8
"3.2.1.23",5,0,20,10,0,0,0,0,0
"3.2.1.24",1,2,1,1,1,1,1,1,1
"3.2.1.25",1,1,1,1,0,0,0,0,0
"3.2.1.28",2,2,2,2,3,3,3,3,3
"3.2.1.3",44,1,1,91,14,14,13,11,12
"3.2.1.4",1,0,21,0,0,0,0,0,0
"3.2.1.45",1,0,1,1,0,0,0,0,0
"3.2.1.50",1,0,0,0,0,0,0,0,0
"3.2.1.52",10,10,15,10,0,0,0,0,0
"3.2.1.58",10,6,8,3,8,8,8,8,8
"3.2.1.59",1,0,3,5,0,0,0,0,0
"3.2.1.73",1,0,3,6,4,4,4,4,4
"3.2.2.-",3,1,5,4,4,5,5,5,5
"3.2.2.1",4,0,0,4,2,2,2,2,2
"3.2.2.21",1,1,1,0,1,1,1,1,1
"3.3.1.1",2,2,2,2,2,2,2,2,2
"3.3.2.6",1,1,1,1,1,1,1,1,1
"3.4.-.-",20,14,18,14,8,8,8,8,8
"3.4.11.-",1,2,2,2,4,4,4,4,4
"3.4.11.1",1,0,0,0,0,0,0,0,0
"3.4.11.10",1,1,1,2,1,1,1,1,1
"3.4.11.18",5,2,3,3,5,3,3,5,5
"3.4.11.21",1,1,1,1,1,1,1,1,1
"3.4.11.5",3,1,2,1,0,0,0,0,0
"3.4.11.9",2,4,3,1,1,1,1,1,1
"3.4.13.19",1,0,1,1,0,0,0,0,0
"3.4.13.20",2,0,0,2,2,2,2,2,2
"3.4.13.9",1,1,3,2,1,1,1,1,1
"3.4.14.-",1,2,1,1,2,2,2,2,2
"3.4.14.10",1,0,0,0,0,0,0,0,0
"3.4.14.4",1,1,1,1,1,1,1,1,1
"3.4.14.9",3,0,3,3,0,0,0,0,0
"3.4.16.-",5,0,0,0,1,1,1,1,1
"3.4.16.5",3,3,1,2,1,1,1,1,1
"3.4.16.6",4,1,3,2,1,1,1,1,1
"3.4.17.21",1,3,2,2,3,3,3,3,3
"3.4.17.4",2,2,1,1,2,2,2,2,2
"3.4.19.1",1,0,0,0,0,0,0,0,0
"3.4.19.12",2,16,22,2,1,1,1,1,1
"3.4.19.3",1,0,1,1,0,0,0,0,0
"3.4.21.-",5,5,4,2,2,2,2,2,2
"3.4.21.26",1,0,0,0,0,0,0,0,0
"3.4.21.48",3,2,2,4,1,1,1,1,1
"3.4.21.53",1,1,1,1,0,0,0,0,0
"3.4.21.61",1,1,1,1,1,1,1,1,1
"3.4.21.62",1,0,0,1,0,0,0,0,0
"3.4.21.89",1,0,0,1,1,1,1,1,1
"3.4.21.92",1,0,1,1,0,0,0,0,0
"3.4.22.-",6,3,5,8,4,4,4,4,4
"3.4.22.40",1,1,1,1,1,1,1,1,1
"3.4.23.1",7,0,0,0,0,0,0,0,0
"3.4.23.24",1,12,1,3,0,0,0,0,0
"3.4.23.25",4,2,1,2,1,1,1,1,1
"3.4.23.3",5,0,1,1,0,0,0,0,0
"3.4.23.34",3,0,0,0,0,0,0,0,0
"3.4.23.5",8,0,1,1,0,0,0,0,0
"3.4.24.-",9,8,5,6,8,8,8,8,8
"3.4.24.37",1,1,0,1,1,1,1,1,1
"3.4.24.56",1,1,1,1,1,1,1,1,1
"3.4.24.57",1,0,0,1,2,2,2,2,2
"3.4.24.59",1,1,1,1,1,1,1,1,1
"3.4.24.61",1,0,0,1,0,0,0,0,0
"3.4.24.64",2,4,3,2,2,2,2,2,2
"3.4.24.71",2,0,1,1,1,1,1,1,1
"3.4.25.-",1,1,1,1,0,0,0,0,0
"3.4.25.1",25,14,14,22,22,22,22,22,22
"3.4.99.-",2,0,0,3,5,5,5,5,5
"3.5.1.-",44,28,36,24,28,28,28,28,28
"3.5.1.19",1,1,1,1,1,1,1,1,1
"3.5.1.25",1,1,1,1,0,0,0,0,0
"3.5.1.4",30,18,36,12,6,6,6,6,6
"3.5.1.41",1,1,3,1,2,2,2,2,2
"3.5.1.48",5,0,0,3,5,5,5,5,5
"3.5.1.49",3,3,3,3,0,0,0,0,0
"3.5.1.5",3,0,3,3,0,0,0,0,0
"3.5.2.3",2,1,1,1,1,1,1,1,1
"3.5.2.5",1,1,1,1,1,1,1,1,1
"3.5.2.9",1,1,3,1,1,1,1,1,1
"3.5.3.1",2,2,2,2,2,2,2,2,2
"3.5.3.11",2,2,3,3,0,0,0,0,0
"3.5.3.4",1,2,2,1,1,1,1,1,1
"3.5.4.1",1,1,1,1,2,2,2,2,2
"3.5.4.12",2,2,2,2,2,2,2,2,2
"3.5.4.16",1,1,1,1,1,1,1,1,1
"3.5.4.25",1,1,1,1,1,1,1,1,1
"3.5.4.3",2,1,2,2,1,1,1,1,1
"3.5.4.4",2,1,3,3,1,1,1,1,1
"3.5.4.5",4,1,1,1,1,1,1,1,1
"3.5.4.6",1,1,1,1,3,3,3,3,3
"3.5.99.6",1,1,1,1,0,0,0,0,0
"3.6.-.-",1,2,1,1,1,0,0,0,0
"3.6.1.-",144,12,16,112,66,66,66,66,66
"3.6.1.1",1,2,5,1,2,2,2,2,2
"3.6.1.11",1,1,1,1,1,1,1,1,1
"3.6.1.13",1,1,2,2,1,1,1,1,1
"3.6.1.17",6,2,2,4,4,4,4,4,4
"3.6.1.19",2,2,2,0,0,0,0,0,0
"3.6.1.22",1,1,1,1,0,0,0,0,0
"3.6.1.23",1,1,1,1,1,1,1,1,1
"3.6.1.3",60,9,13,62,60,59,58,59,59
"3.6.1.41",1,1,0,1,0,0,0,0,0
"3.6.1.42",1,1,1,2,1,1,1,1,1
"3.6.1.43",2,1,1,1,1,1,1,1,1
"3.6.1.5",2,2,2,0,2,2,2,2,2
"3.6.3.-",1,2,5,1,2,2,2,2,2
"3.6.3.1",5,5,5,5,6,6,6,6,6
"3.6.3.14",78,12,9,81,84,87,84,84,84
"3.6.3.16",1,1,1,1,1,1,1,1,1
"3.6.3.2",1,0,0,0,0,0,0,0,0
"3.6.3.4",4,0,1,3,2,2,2,2,2
"3.6.3.6",1,1,1,1,2,2,2,2,2
"3.6.3.8",4,4,4,8,2,2,2,2,2
"3.6.4.1",5,0,0,10,20,21,18,18,20
"3.6.4.2",2,0,0,2,2,2,2,2,2
"3.6.4.3",1,1,1,1,1,1,1,1,1
"3.6.4.4",4,0,0,2,3,3,3,3,3
"3.6.4.6",1,1,1,1,0,0,0,0,0
"3.6.4.9",4,0,0,4,4,4,4,4,4
"3.7.1.3",1,1,2,2,1,1,1,1,1
"4.-.-.-",1,0,0,1,2,2,2,2,2
"4.1.1.1",1,2,2,2,5,5,5,5,5
"4.1.1.15",5,10,15,15,5,5,5,5,5
"4.1.1.17",3,3,3,3,3,3,3,3,3
"4.1.1.21",1,1,1,1,1,1,1,1,1
"4.1.1.23",1,1,0,0,1,1,1,1,1
"4.1.1.28",10,0,5,5,0,0,0,0,0
"4.1.1.33",1,1,1,1,1,1,1,1,1
"4.1.1.35",2,0,0,0,0,0,0,0,0
"4.1.1.36",1,1,1,1,1,1,1,1,1
"4.1.1.37",1,1,2,1,1,1,1,1,1
"4.1.1.45",1,0,1,1,0,0,0,0,0
"4.1.1.48",1,0,0,0,0,0,0,0,0
"4.1.1.49",3,3,3,3,3,3,3,3,3
"4.1.1.50",1,1,1,1,3,3,3,3,3
"4.1.1.65",8,4,8,4,4,4,4,4,4
"4.1.2.-",27,0,0,36,0,0,0,0,0
"4.1.2.13",12,4,8,4,4,4,4,4,4
"4.1.2.27",1,1,1,1,1,1,1,1,1
"4.1.2.5",2,2,1,1,1,1,1,1,1
"4.1.3.1",3,1,2,2,2,2,2,2,2
"4.1.3.27",2,1,1,3,1,1,1,1,1
"4.1.3.4",3,0,3,3,0,0,0,0,0
"4.1.99.3",1,0,2,2,1,1,1,1,1
"4.2.1.1",2,2,5,4,1,1,1,1,1
"4.2.1.11",2,2,4,4,8,6,6,8,6
"4.2.1.17",45,0,18,45,27,27,27,27,27
"4.2.1.19",1,1,1,0,1,1,1,1,1
"4.2.1.2",2,4,2,2,2,2,2,2,2
"4.2.1.20",1,2,1,1,1,1,1,1,1
"4.2.1.22",3,3,3,3,3,3,3,3,3
"4.2.1.24",1,7,7,1,1,1,1,1,1
"4.2.1.3",6,3,3,6,6,6,6,6,6
"4.2.1.33",1,1,1,1,1,1,1,1,1
"4.2.1.36",1,1,1,1,1,1,1,1,1
"4.2.1.47",1,0,0,0,0,0,0,0,0
"4.2.1.6",2,1,2,1,0,0,0,0,0
"4.2.1.69",1,1,1,1,1,1,1,1,1
"4.2.1.70",4,1,0,3,7,7,7,7,7
"4.2.1.75",1,1,1,1,1,1,1,1,1
"4.2.1.79",1,0,1,1,1,1,1,1,1
"4.2.1.9",4,2,4,4,2,2,2,2,2
"4.2.99.-",1,0,0,0,0,0,0,0,0
"4.2.99.18",5,3,3,2,4,4,4,4,4
"4.3.1.12",1,1,1,0,0,0,0,0,0
"4.3.1.5",8,0,0,4,0,0,0,0,0
"4.3.2.1",6,3,3,3,6,3,3,3,3
"4.3.2.2",2,2,2,2,2,2,2,2,2
"4.4.1.1",4,4,4,4,4,4,4,4,4
"4.4.1.14",4,0,0,0,0,0,0,0,0
"4.4.1.17",1,2,2,2,1,1,1,1,1
"4.4.1.5",1,1,1,1,1,1,1,1,1
"4.6.1.1",5,1,1,9,7,7,7,7,7
"4.99.1.1",1,1,2,1,1,1,1,1,1
"5.1.3.1",3,3,3,3,3,3,3,3,3
"5.1.3.3",2,1,3,3,2,2,2,2,2
"5.1.99.4",3,0,1,2,0,0,0,0,0
"5.2.1.8",34,11,19,33,18,18,18,18,18
"5.3.1.1",5,5,10,10,5,5,5,5,5
"5.3.1.16",1,1,1,1,1,1,1,1,1
"5.3.1.4",19,0,0,36,27,25,26,28,25
"5.3.1.6",2,4,4,4,2,2,2,2,2
"5.3.1.8",1,1,2,2,1,1,1,1,1
"5.3.1.9",3,3,3,3,6,3,6,3,6
"5.3.2.1",4,0,0,0,0,0,0,0,0
"5.3.3.-",4,2,2,4,2,2,2,2,2
"5.3.3.10",4,0,0,4,0,0,0,0,0
"5.3.3.2",2,2,2,2,2,2,2,2,2
"5.3.3.5",2,0,4,2,0,0,0,0,0
"5.3.3.8",1,2,1,1,0,0,0,0,0
"5.3.4.1",4,7,4,4,5,5,5,5,5
"5.4.2.1",6,0,0,3,5,5,5,5,5
"5.4.2.2",7,14,7,7,14,14,14,14,14
"5.4.2.3",1,1,1,1,1,1,1,1,1
"5.4.2.8",3,1,1,1,2,2,2,2,2
"5.4.99.-",1,2,2,1,2,2,2,2,2
"5.4.99.12",1,1,1,1,1,1,1,1,1
"5.4.99.5",1,1,1,1,1,1,1,1,1
"5.4.99.7",5,1,1,6,4,3,3,3,4
"5.5.1.4",2,2,2,2,2,2,2,2,2
"5.99.1.2",4,3,3,12,3,3,3,3,3
"5.99.1.3",2,1,1,2,2,2,2,2,2
"6.1.1.1",4,6,4,4,4,4,4,4,4
"6.1.1.10",6,6,6,6,6,6,6,6,6
"6.1.1.11",4,4,4,4,4,4,4,4,4
"6.1.1.12",4,4,6,8,6,6,6,4,6
"6.1.1.14",2,2,2,2,4,4,4,4,4
"6.1.1.15",2,4,4,4,4,4,4,4,4
"6.1.1.16",2,2,2,2,2,2,2,2,2
"6.1.1.17",6,6,6,6,6,6,6,6,6
"6.1.1.18",2,2,2,2,2,2,2,2,2
"6.1.1.19",2,2,2,2,4,4,4,4,4
"6.1.1.2",4,6,4,4,4,4,4,4,4
"6.1.1.20",6,6,6,6,6,6,6,6,6
"6.1.1.21",2,2,2,2,2,2,2,2,2
"6.1.1.22",8,4,4,4,6,6,6,6,6
"6.1.1.3",2,4,4,4,4,4,4,4,4
"6.1.1.4",4,4,4,4,4,4,4,4,4
"6.1.1.5",4,4,4,4,4,4,4,4,4
"6.1.1.6",2,6,4,4,4,4,4,4,4
"6.1.1.7",2,2,2,2,2,2,2,2,2
"6.1.1.9",4,2,2,2,2,2,2,2,2
"6.2.1.1",4,8,4,4,8,8,8,8,8
"6.2.1.12",11,0,6,5,0,0,0,0,0
"6.2.1.16",2,0,2,2,0,0,0,0,0
"6.2.1.3",4,5,6,9,4,4,4,4,4
"6.2.1.4",2,0,0,6,4,4,4,4,4
"6.2.1.5",4,0,0,0,0,0,0,0,0
"6.3.1.2",6,3,6,9,3,3,3,3,3
"6.3.2.-",98,4,6,128,26,26,26,26,26
"6.3.2.1",2,2,2,2,2,2,2,2,2
"6.3.2.17",2,2,8,3,3,3,3,3,3
"6.3.2.19",34,66,69,32,51,50,51,52,53
"6.3.2.2",4,2,2,4,2,2,2,2,2
"6.3.2.3",2,2,2,2,2,2,2,2,2
"6.3.2.5",2,1,2,1,1,1,1,1,1
"6.3.2.6",1,1,1,1,1,1,1,1,1
"6.3.3.2",1,1,1,1,1,1,1,1,1
"6.3.4.2",1,1,1,1,2,2,2,2,2
"6.3.4.4",2,2,2,2,2,2,2,2,2
"6.3.4.5",3,3,3,3,3,3,3,3,3
"6.3.5.-",8,0,0,10,6,6,6,6,6
"6.3.5.1",2,2,2,2,2,2,2,2,2
"6.3.5.2",2,4,4,2,2,2,2,2,2
"6.3.5.3",1,1,1,1,1,1,1,1,1
"6.3.5.4",2,4,2,2,6,6,6,6,6
"6.3.5.5",4,4,4,2,4,4,4,4,4
"6.4.1.1",3,3,3,3,6,6,6,6,6
"6.4.1.3",2,0,0,0,0,0,0,0,0
"6.4.1.4",1,0,2,2,0,0,0,0,0
"6.5.1.1",14,1,2,19,14,14,14,14,14
"6.5.1.2",1,0,0,2,1,1,1,1,1
"6.5.1.3",1,1,1,1,1,1,1,1,1
"6.5.1.4",1,1,3,2,1,1,1,1,1
"1.1.1.105",0,2,2,0,0,0,0,0,0
"1.1.1.116",0,1,1,0,0,0,0,0,0
"1.1.1.117",0,1,0,0,0,0,0,0,0
"1.1.1.156",0,2,4,0,0,0,0,0,0
"1.1.1.206",0,1,2,1,0,0,0,0,0
"1.1.1.215",0,5,2,3,1,1,1,1,1
"1.1.1.38",0,1,1,1,1,1,1,1,1
"1.1.1.9",0,1,1,0,1,1,1,1,1
"1.1.3.20",0,1,1,0,0,0,0,0,0
"1.1.3.37",0,1,1,0,1,1,1,1,1
"1.1.99.2",0,1,1,0,0,0,0,0,0
"1.1.99.28",0,1,1,0,0,0,0,0,0
"1.11.1.9",0,4,1,1,3,3,3,3,3
"1.13.11.-",0,1,1,0,0,0,0,0,0
"1.13.11.1",0,8,12,0,0,0,0,0,0
"1.13.11.20",0,2,2,2,0,0,0,0,0
"1.13.11.27",0,2,6,2,0,0,0,0,0
"1.14.11.-",0,10,11,1,0,0,0,0,0
"1.14.11.12",0,1,0,0,0,0,0,0,0
"1.14.11.18",0,1,1,0,0,0,0,0,0
"1.14.14.-",0,1,1,0,1,1,1,1,1
"1.14.19.-",0,2,2,0,0,0,0,0,0
"1.14.99.-",0,2,1,0,0,0,0,0,0
"1.14.99.29",0,1,1,0,0,0,0,0,0
"1.16.3.1",0,1,1,0,0,0,0,0,0
"1.3.1.21",0,2,1,0,0,0,0,0,0
"1.3.1.33",0,4,2,0,0,0,0,0,0
"1.3.3.6",0,3,0,0,1,1,1,1,1
"1.4.1.4",0,2,2,2,4,4,4,4,4
"1.4.3.3",0,9,6,0,0,0,0,0,0
"1.5.-.-",0,1,1,0,0,0,0,0,0
"1.5.1.10",0,1,1,1,1,1,1,1,1
"1.6.5.2",0,4,1,0,0,0,0,0,0
"1.8.3.2",0,2,2,0,0,0,0,0,0
"1.97.1.4",0,6,2,0,0,0,0,0,0
"2.1.1.1",0,1,3,0,0,0,0,0,0
"2.1.1.10",0,1,1,1,2,2,2,2,2
"2.1.1.127",0,1,2,1,0,0,0,0,0
"2.1.1.16",0,1,1,1,1,1,1,1,1
"2.1.1.34",0,1,0,0,1,1,1,1,1
"2.1.1.35",0,2,2,0,0,0,0,0,0
"2.1.1.59",0,1,0,0,0,0,0,0,0
"2.1.1.6",0,1,1,1,0,0,0,0,0
"2.1.1.63",0,1,1,0,1,1,1,1,1
"2.3.1.22",0,1,1,0,0,0,0,0,0
"2.3.1.30",0,2,0,0,0,0,0,0,0
"2.3.1.36",0,1,0,0,0,0,0,0,0
"2.3.1.39",0,1,1,1,0,0,0,0,0
"2.3.1.42",0,1,1,1,0,0,0,0,0
"2.3.1.86",0,2,2,0,0,0,0,0,0
"2.3.1.87",0,1,1,1,1,1,1,1,1
"2.4.1.186",0,2,1,1,2,2,2,2,2
"2.4.1.207",0,1,1,0,0,0,0,0,0
"2.4.1.41",0,1,2,0,0,0,0,0,0
"2.4.1.80",0,1,1,1,0,0,0,0,0
"2.5.1.22",0,3,0,0,3,3,3,3,3
"2.5.1.39",0,1,1,0,0,0,0,0,0
"2.6.1.27",0,1,0,0,0,0,0,0,0
"2.6.1.5",0,4,4,4,0,0,0,0,0
"2.6.1.7",0,2,1,0,0,0,0,0,0
"2.7.1.105",0,2,1,1,2,2,2,2,2
"2.7.1.108",0,1,0,0,1,1,1,1,1
"2.7.1.20",0,1,1,1,1,1,1,1,1
"2.7.1.30",0,1,1,1,1,1,1,1,1
"2.7.1.31",0,3,3,0,0,0,0,0,0
"2.7.1.78",0,1,2,0,0,0,0,0,0
"2.7.1.82",0,1,1,0,1,1,1,1,1
"2.7.1.86",0,1,1,0,0,0,0,0,0
"2.7.7.12",0,2,2,0,2,2,2,2,2
"2.7.7.14",0,2,2,0,2,2,2,2,2
"2.7.7.15",0,2,2,2,2,2,2,2,2
"2.7.7.19",0,2,2,2,1,1,1,1,1
"2.7.7.3",0,1,1,0,0,0,0,0,0
"2.8.1.-",0,1,0,0,0,0,0,0,0
"3.1.1.11",0,2,2,0,0,0,0,0,0
"3.1.1.13",0,3,2,0,0,0,0,0,0
"3.1.1.17",0,3,6,3,3,3,3,3,3
"3.1.11.2",0,2,3,0,0,0,0,0,0
"3.1.2.1",0,1,1,1,1,1,1,1,1
"3.1.2.4",0,3,3,0,0,0,0,0,0
"3.1.22.-",0,1,2,1,1,1,1,1,1
"3.1.27.-",0,1,1,0,0,0,0,0,0
"3.1.3.1",0,6,15,6,3,3,3,3,3
"3.1.3.21",0,1,1,1,2,2,2,2,2
"3.1.3.27",0,1,1,0,0,0,0,0,0
"3.1.3.3",0,1,1,0,1,1,1,1,1
"3.1.3.32",0,1,0,0,1,1,1,1,1
"3.1.3.43",0,1,1,0,0,0,0,0,0
"3.1.3.5",0,3,6,6,0,0,0,0,0
"3.1.3.68",0,1,0,0,2,1,1,2,2
"3.1.3.7",0,2,3,3,1,1,1,1,1
"3.1.31.1",0,1,0,0,0,0,0,0,0
"3.1.4.-",0,1,3,0,1,1,1,1,1
"3.1.4.37",0,1,1,0,0,0,0,0,0
"3.1.6.1",0,2,2,2,0,0,0,0,0
"3.2.-.-",0,1,0,1,0,0,0,0,0
"3.2.1.101",0,2,7,7,2,2,2,2,2
"3.2.1.6",0,2,1,0,0,0,0,0,0
"3.2.1.84",0,1,4,0,0,0,0,0,0
"3.2.2.3",0,1,3,0,0,0,0,0,0
"3.4.11.15",0,1,1,0,0,0,0,0,0
"3.4.11.22",0,2,1,1,1,1,1,1,1
"3.4.13.-",0,1,0,0,0,0,0,0,0
"3.4.17.-",0,1,2,1,0,0,0,0,0
"3.4.24.13",0,2,0,0,0,0,0,0,0
"3.5.1.1",0,3,3,3,6,6,6,6,6
"3.5.1.52",0,1,1,0,0,0,0,0,0
"3.5.1.6",0,3,3,0,0,0,0,0,0
"3.5.1.9",0,2,2,0,0,0,0,0,0
"3.5.4.-",0,1,1,0,1,1,1,1,1
"3.5.5.1",0,4,4,16,8,8,8,8,8
"3.5.99.5",0,1,1,0,0,0,0,0,0
"3.6.1.10",0,1,1,1,1,1,1,1,1
"3.6.1.29",0,1,2,0,0,0,0,0,0
"3.6.3.10",0,1,0,0,0,0,0,0,0
"3.6.3.25",0,1,0,0,0,0,0,0,0
"3.6.3.29",0,8,2,0,0,0,0,0,0
"3.6.3.44",0,10,8,0,0,0,0,0,0
"3.6.3.9",0,1,0,0,0,0,0,0,0
"3.6.4.-",0,16,16,0,0,0,0,0,0
"3.7.1.5",0,2,3,0,0,0,0,0,0
"4.1.1.-",0,28,0,0,14,14,14,14,14
"4.2.1.-",0,10,10,0,0,0,0,0,0
"4.2.1.10",0,1,2,1,0,0,0,0,0
"4.2.1.46",0,2,2,2,0,0,0,0,0
"4.2.1.51",0,1,1,0,1,1,1,1,1
"4.2.1.93",0,1,1,0,0,0,0,0,0
"4.2.1.96",0,1,1,0,1,1,1,1,1
"4.3.2.3",0,1,1,0,0,0,0,0,0
"4.4.1.16",0,1,1,0,0,0,0,0,0
"4.4.1.8",0,5,10,5,10,10,10,10,10
"5.-.-.-",0,1,1,0,0,0,0,0,0
"5.1.3.15",0,1,1,0,0,0,0,0,0
"5.3.1.13",0,1,0,0,0,0,0,0,0
"5.3.1.23",0,3,1,0,0,0,0,0,0
"5.3.1.24",0,1,0,0,1,1,1,1,1
"5.3.99.3",0,1,1,0,0,0,0,0,0
"6.2.1.-",0,2,6,0,0,0,0,0,0
"6.3.3.3",0,1,0,0,1,1,1,1,1
"1.1.1.103",0,0,1,1,0,0,0,0,0
"1.1.1.133",0,0,1,0,0,0,0,0,0
"1.1.1.141",0,0,1,0,0,0,0,0,0
"1.1.1.17",0,0,1,0,0,0,0,0,0
"1.1.1.173",0,0,1,0,0,0,0,0,0
"1.1.1.208",0,0,1,0,0,0,0,0,0
"1.1.1.24",0,0,1,0,0,0,0,0,0
"1.1.1.252",0,0,1,0,0,0,0,0,0
"1.1.1.27",0,0,4,4,0,0,0,0,0
"1.1.1.28",0,0,1,1,0,0,0,0,0
"1.1.1.29",0,0,4,0,0,0,0,0,0
"1.1.1.30",0,0,2,2,0,0,0,0,0
"1.1.3.13",0,0,1,0,0,0,0,0,0
"1.1.3.9",0,0,1,0,0,0,0,0,0
"1.1.99.18",0,0,6,0,0,0,0,0,0
"1.1.99.24",0,0,1,0,0,0,0,0,0
"1.13.11.18",0,0,2,0,0,0,0,0,0
"1.13.12.-",0,0,3,0,0,0,0,0,0
"1.13.12.4",0,0,1,0,0,0,0,0,0
"1.14.11.2",0,0,3,1,0,0,0,0,0
"1.14.13.12",0,0,10,0,0,0,0,0,0
"1.14.18.1",0,0,28,0,0,0,0,0,0
"1.14.99.1",0,0,1,1,0,0,0,0,0
"1.3.1.22",0,0,1,0,0,0,0,0,0
"1.3.1.48",0,0,1,0,0,0,0,0,0
"1.3.1.9",0,0,3,0,0,0,0,0,0
"1.3.99.12",0,0,1,0,0,0,0,0,0
"1.4.3.-",0,0,1,0,0,0,0,0,0
"1.4.3.2",0,0,16,0,0,0,0,0,0
"1.4.3.4",0,0,6,6,0,0,0,0,0
"1.6.5.4",0,0,1,1,0,0,0,0,0
"1.8.3.1",0,0,2,2,0,0,0,0,0
"1.8.5.-",0,0,1,0,0,0,0,0,0
"2.1.1.104",0,0,1,0,0,0,0,0,0
"2.1.1.109",0,0,3,0,0,0,0,0,0
"2.1.1.125",0,0,1,0,1,1,1,1,1
"2.1.1.137",0,0,1,1,0,0,0,0,0
"2.1.1.20",0,0,1,0,0,0,0,0,0
"2.1.1.60",0,0,1,0,0,0,0,0,0
"2.1.1.85",0,0,1,0,0,0,0,0,0
"2.1.1.95",0,0,1,1,0,0,0,0,0
"2.1.4.1",0,0,3,3,0,0,0,0,0
"2.3.1.135",0,0,1,0,0,0,0,0,0
"2.3.1.32",0,0,2,0,0,0,0,0,0
"2.3.1.5",0,0,1,1,0,0,0,0,0
"2.3.1.74",0,0,1,1,0,0,0,0,0
"2.3.1.85",0,0,5,0,0,0,0,0,0
"2.4.1.123",0,0,1,0,0,0,0,0,0
"2.4.1.144",0,0,1,0,0,0,0,0,0
"2.4.1.82",0,0,1,0,0,0,0,0,0
"2.4.2.31",0,0,1,0,0,0,0,0,0
"2.5.1.43",0,0,1,1,0,0,0,0,0
"2.7.7.48",0,0,2,0,0,0,0,0,0
"2.7.7.52",0,0,1,0,0,0,0,0,0
"2.8.3.13",0,0,2,0,0,0,0,0,0
"3.1.1.4",0,0,3,0,0,0,0,0,0
"3.1.1.65",0,0,1,0,0,0,0,0,0
"3.1.1.7",0,0,2,3,0,0,0,0,0
"3.1.1.72",0,0,4,0,0,0,0,0,0
"3.1.1.73",0,0,1,0,0,0,0,0,0
"3.1.1.74",0,0,2,0,0,0,0,0,0
"3.1.1.8",0,0,3,3,0,0,0,0,0
"3.1.27.3",0,0,1,0,0,0,0,0,0
"3.1.3.37",0,0,1,1,0,0,0,0,0
"3.1.3.8",0,0,2,0,0,0,0,0,0
"3.1.6.6",0,0,1,0,0,0,0,0,0
"3.2.1.132",0,0,1,0,0,0,0,0,0
"3.2.1.139",0,0,1,0,0,0,0,0,0
"3.2.1.15",0,0,4,2,2,2,2,2,2
"3.2.1.26",0,0,2,4,2,2,2,2,2
"3.2.1.31",0,0,3,3,0,0,0,0,0
"3.2.1.37",0,0,6,0,0,0,0,0,0
"3.2.1.39",0,0,2,0,0,0,0,0,0
"3.2.1.55",0,0,1,0,0,0,0,0,0
"3.2.1.64",0,0,1,0,0,0,0,0,0
"3.2.1.67",0,0,1,1,0,0,0,0,0
"3.2.1.78",0,0,2,0,0,0,0,0,0
"3.2.1.8",0,0,6,0,0,0,0,0,0
"3.2.1.89",0,0,2,1,0,0,0,0,0
"3.2.1.91",0,0,2,0,0,0,0,0,0
"3.2.1.99",0,0,3,0,0,0,0,0,0
"3.4.21.63",0,0,2,0,0,0,0,0,0
"3.4.23.-",0,0,1,0,3,3,3,3,3
"3.4.23.18",0,0,8,7,0,0,0,0,0
"3.4.23.35",0,0,1,0,1,1,1,1,1
"3.4.23.41",0,0,5,3,3,3,3,3,3
"3.4.24.39",0,0,2,0,0,0,0,0,0
"3.5.1.10",0,0,2,2,0,0,0,0,0
"3.5.1.16",0,0,1,1,0,0,0,0,0
"3.5.1.23",0,0,2,0,0,0,0,0,0
"3.5.1.26",0,0,1,1,0,0,0,0,0
"3.5.1.3",0,0,2,0,0,0,0,0,0
"3.6.1.21",0,0,3,0,0,0,0,0,0
"3.6.1.7",0,0,3,3,0,0,0,0,0
"3.6.3.7",0,0,3,0,0,0,0,0,0
"3.7.1.2",0,0,2,2,0,0,0,0,0
"3.8.1.2",0,0,1,0,0,0,0,0,0
"4.1.-.-",0,0,2,0,1,1,1,1,1
"4.1.1.25",0,0,2,0,0,0,0,0,0
"4.1.1.46",0,0,4,0,0,0,0,0,0
"4.1.2.4",0,0,1,1,0,0,0,0,0
"4.1.3.30",0,0,1,0,0,0,0,0,0
"4.2.1.18",0,0,1,0,0,0,0,0,0
"4.2.1.66",0,0,1,0,0,0,0,0,0
"4.2.1.90",0,0,1,0,0,0,0,0,0
"4.2.1.94",0,0,1,0,0,0,0,0,0
"4.2.2.2",0,0,1,0,0,0,0,0,0
"5.1.3.2",0,0,4,4,0,0,0,0,0
"5.4.3.8",0,0,1,1,0,0,0,0,0
"5.5.1.5",0,0,2,0,0,0,0,0,0
"6.2.1.17",0,0,1,1,0,0,0,0,0
"6.3.2.11",0,0,4,0,0,0,0,0,0
"1.1.1.35",0,0,0,7,0,0,0,0,0
"1.1.1.56",0,0,0,1,0,0,0,0,0
"1.1.3.24",0,0,0,1,0,0,0,0,0
"1.1.3.6",0,0,0,1,0,0,0,0,0
"1.11.1.11",0,0,0,1,0,0,0,0,0
"1.13.12.7",0,0,0,1,1,1,1,1,1
"1.14.11.16",0,0,0,1,0,0,0,0,0
"1.14.99.10",0,0,0,1,0,0,0,0,0
"1.2.1.28",0,0,0,2,0,0,0,0,0
"1.2.1.51",0,0,0,2,2,2,2,2,2
"1.2.3.4",0,0,0,1,0,0,0,0,0
"1.3.-.-",0,0,0,1,1,1,1,1,1
"1.3.1.-",0,0,0,3,0,0,0,0,0
"1.4.99.1",0,0,0,4,2,2,2,2,2
"2.1.1.114",0,0,0,1,1,1,1,1,1
"2.3.1.20",0,0,0,1,0,0,0,0,0
"2.3.1.41",0,0,0,1,1,1,1,1,1
"2.3.1.79",0,0,0,1,0,0,0,0,0
"2.4.1.14",0,0,0,1,0,0,0,0,0
"2.4.1.210",0,0,0,1,0,0,0,0,0
"2.4.2.21",0,0,0,2,2,2,2,2,2
"2.6.1.66",0,0,0,1,1,1,1,1,1
"2.7.4.14",0,0,0,1,0,0,0,0,0
"2.7.7.27",0,0,0,1,1,1,1,1,1
"2.7.7.56",0,0,0,1,1,1,1,1,1
"2.7.8.23",0,0,0,1,0,0,0,0,0
"3.1.11.-",0,0,0,1,1,1,1,1,1
"3.1.3.67",0,0,0,1,0,0,0,0,0
"3.1.30.-",0,0,0,1,1,1,1,1,1
"3.1.6.13",0,0,0,1,0,0,0,0,0
"3.4.14.5",0,0,0,1,0,0,0,0,0
"3.4.16.2",0,0,0,1,0,0,0,0,0
"3.4.24.21",0,0,0,1,0,0,0,0,0
"3.5.-.-",0,0,0,1,0,0,0,0,0
"3.5.2.6",0,0,0,2,0,0,0,0,0
"3.5.3.19",0,0,0,1,1,1,1,1,1
"3.6.1.15",0,0,0,2,2,2,2,2,2
"4.1.2.17",0,0,0,1,0,0,0,0,0
"4.1.3.6",0,0,0,2,0,0,0,0,0
"4.2.-.-",0,0,0,1,1,1,1,1,1
"4.2.1.52",0,0,0,2,0,0,0,0,0
"5.1.1.-",0,0,0,1,1,1,1,1,1
"5.3.99.5",0,0,0,1,0,0,0,0,0
"6.-.-.-",0,0,0,3,2,2,2,2,2
"6.3.2.25",0,0,0,1,1,1,1,1,1
"1.1.1.193",0,0,0,0,1,1,1,1,1
"1.13.11.32",0,0,0,0,1,1,1,1,1
"1.5.3.11",0,0,0,0,1,1,1,1,1
"1.5.99.8",0,0,0,0,1,1,1,1,1
"2.1.1.51",0,0,0,0,2,2,2,2,2
"2.3.1.128",0,0,0,0,1,1,1,1,1
"2.3.1.35",0,0,0,0,1,1,1,1,1
"2.3.1.84",0,0,0,0,2,2,2,2,2
"2.7.1.107",0,0,0,0,2,2,2,2,2
"2.7.8.19",0,0,0,0,1,1,1,1,1
"2.7.8.2",0,0,0,0,2,2,2,0,2
"3.1.21.3",0,0,0,0,1,1,1,1,1
"3.1.3.53",0,0,0,0,2,1,1,2,1
"4.1.1.18",0,0,0,0,0,2,0,0,2
